id,channel
0,CSPAN
1,BBCNEWS
2,CSPAN
3,BBCNEWS
4,CSPAN
5,BBCNEWS
6,CSPAN
7,BBCNEWS
8,CSPAN
9,BBCNEWS
10,CSPAN
11,BBCNEWS
12,CSPAN
13,BBCNEWS
14,CSPAN
15,BBCNEWS
16,CSPAN
17,BBCNEWS
18,CSPAN
19,BBCNEWS
20,CSPAN
21,BBCNEWS
22,CSPAN
23,BBCNEWS
24,CSPAN
25,BBCNEWS
26,CSPAN
27,BBCNEWS
28,CSPAN
29,BBCNEWS
30,CSPAN
31,BBCNEWS
32,CSPAN
33,BBCNEWS
34,CSPAN
35,BBCNEWS
36,CSPAN
37,BBCNEWS
38,CSPAN
39,BBCNEWS
40,CSPAN
41,BBCNEWS
42,CSPAN
43,BBCNEWS
44,CSPAN
45,BBCNEWS
46,CSPAN
47,BBCNEWS
48,CSPAN
49,BBCNEWS
50,CSPAN
51,BBCNEWS
52,CSPAN
53,BBCNEWS
54,CSPAN
55,BBCNEWS
56,CSPAN
57,BBCNEWS
58,CSPAN
59,BBCNEWS
60,CSPAN
61,BBCNEWS
62,CSPAN
63,BBCNEWS
64,CSPAN
65,BBCNEWS
66,CSPAN
67,BBCNEWS
68,CSPAN
69,BBCNEWS
70,CSPAN
71,BBCNEWS
72,CSPAN
73,BBCNEWS
74,CSPAN
75,BBCNEWS
76,CSPAN
77,BBCNEWS
78,CSPAN
79,BBCNEWS
80,CSPAN
81,BBCNEWS
82,CSPAN
83,BBCNEWS
84,CSPAN
85,BBCNEWS
86,CSPAN
87,BBCNEWS
88,CSPAN
89,BBCNEWS
90,CSPAN
91,BBCNEWS
92,CSPAN
93,BBCNEWS
94,CSPAN
95,BBCNEWS
96,CSPAN
97,BBCNEWS
98,CSPAN
99,BBCNEWS
100,CSPAN
101,BBCNEWS
102,CSPAN
103,BBCNEWS
104,CSPAN
105,BBCNEWS
106,CSPAN
107,BBCNEWS
108,CSPAN
109,BBCNEWS
110,CSPAN
111,BBCNEWS
112,CSPAN
113,BBCNEWS
114,CSPAN
115,BBCNEWS
116,CSPAN
117,BBCNEWS
118,CSPAN
119,BBCNEWS
120,CSPAN
121,BBCNEWS
122,CSPAN
123,BBCNEWS
124,CSPAN
125,BBCNEWS
126,CSPAN
127,BBCNEWS
128,CSPAN
129,BBCNEWS
130,CSPAN
131,BBCNEWS
132,CSPAN
133,BBCNEWS
134,CSPAN
135,BBCNEWS
136,CSPAN
137,BBCNEWS
138,CSPAN
139,BBCNEWS
140,CSPAN
141,BBCNEWS
142,CSPAN
143,BBCNEWS
144,CSPAN
145,BBCNEWS
146,CSPAN
147,BBCNEWS
148,CSPAN
149,BBCNEWS
150,CSPAN
151,BBCNEWS
152,CSPAN
153,BBCNEWS
154,CSPAN
155,BBCNEWS
156,CSPAN
157,BBCNEWS
158,CSPAN
159,BBCNEWS
160,CSPAN
161,BBCNEWS
162,CSPAN
163,BBCNEWS
164,CSPAN
165,BBCNEWS
166,CSPAN
167,BBCNEWS
168,CSPAN
169,BBCNEWS
170,CSPAN
171,BBCNEWS
172,CSPAN
173,BBCNEWS
174,CSPAN
175,BBCNEWS
176,CSPAN
177,BBCNEWS
178,CSPAN
179,BBCNEWS
180,CSPAN
181,BBCNEWS
182,CSPAN
183,BBCNEWS
184,CSPAN
185,BBCNEWS
186,CSPAN
187,BBCNEWS
188,CSPAN
189,BBCNEWS
190,CSPAN
191,BBCNEWS
192,CSPAN
193,BBCNEWS
194,CSPAN
195,BBCNEWS
196,CSPAN
197,BBCNEWS
198,CSPAN
199,BBCNEWS
200,CSPAN
201,BBCNEWS
202,CSPAN
203,BBCNEWS
204,CSPAN
205,BBCNEWS
206,CSPAN
207,BBCNEWS
208,CSPAN
209,BBCNEWS
210,CSPAN
211,BBCNEWS
212,CSPAN
213,BBCNEWS
214,CSPAN
215,BBCNEWS
216,CSPAN
217,BBCNEWS
218,CSPAN
219,BBCNEWS
220,CSPAN
221,BBCNEWS
222,CSPAN
223,BBCNEWS
224,CSPAN
225,BBCNEWS
226,CSPAN
227,BBCNEWS
228,CSPAN
229,BBCNEWS
230,CSPAN
231,BBCNEWS
232,CSPAN
233,BBCNEWS
234,CSPAN
235,BBCNEWS
236,CSPAN
237,BBCNEWS
238,CSPAN
239,BBCNEWS
240,CSPAN
241,BBCNEWS
242,CSPAN
243,BBCNEWS
244,CSPAN
245,BBCNEWS
246,CSPAN
247,BBCNEWS
248,CSPAN
249,BBCNEWS
250,CSPAN
251,BBCNEWS
252,CSPAN
253,BBCNEWS
254,CSPAN
255,BBCNEWS
256,CSPAN
257,BBCNEWS
258,CSPAN
259,BBCNEWS
260,CSPAN
261,BBCNEWS
262,CSPAN
263,BBCNEWS
264,CSPAN
265,BBCNEWS
266,CSPAN
267,BBCNEWS
268,CSPAN
269,BBCNEWS
270,CSPAN
271,BBCNEWS
272,CSPAN
273,BBCNEWS
274,CSPAN
275,BBCNEWS
276,CSPAN
277,BBCNEWS
278,CSPAN
279,BBCNEWS
280,CSPAN
281,BBCNEWS
282,CSPAN
283,BBCNEWS
284,CSPAN
285,BBCNEWS
286,CSPAN
287,BBCNEWS
288,CSPAN
289,BBCNEWS
290,CSPAN
291,BBCNEWS
292,CSPAN
293,BBCNEWS
294,CSPAN
295,BBCNEWS
296,CSPAN
297,BBCNEWS
298,CSPAN
299,BBCNEWS
300,CSPAN
301,BBCNEWS
302,CSPAN
303,BBCNEWS
304,CSPAN
305,BBCNEWS
306,CSPAN
307,BBCNEWS
308,CSPAN
309,BBCNEWS
310,CSPAN
311,BBCNEWS
312,CSPAN
313,BBCNEWS
314,CSPAN
315,BBCNEWS
316,CSPAN
317,BBCNEWS
318,CSPAN
319,BBCNEWS
320,CSPAN
321,BBCNEWS
322,CSPAN
323,BBCNEWS
324,CSPAN
325,BBCNEWS
326,CSPAN
327,BBCNEWS
328,CSPAN
329,BBCNEWS
330,CSPAN
331,BBCNEWS
332,CSPAN
333,BBCNEWS
334,CSPAN
335,BBCNEWS
336,CSPAN
337,BBCNEWS
338,CSPAN
339,BBCNEWS
340,CSPAN
341,BBCNEWS
342,CSPAN
343,BBCNEWS
344,CSPAN
345,BBCNEWS
346,CSPAN
347,BBCNEWS
348,CSPAN
349,BBCNEWS
350,CSPAN
351,BBCNEWS
352,CSPAN
353,BBCNEWS
354,CSPAN
355,BBCNEWS
356,CSPAN
357,BBCNEWS
358,CSPAN
359,BBCNEWS
360,CSPAN
361,BBCNEWS
362,CSPAN
363,BBCNEWS
364,CSPAN
365,BBCNEWS
366,CSPAN
367,BBCNEWS
368,CSPAN
369,BBCNEWS
370,CSPAN
371,BBCNEWS
372,CSPAN
373,BBCNEWS
374,CSPAN
375,BBCNEWS
376,CSPAN
377,BBCNEWS
378,CSPAN
379,BBCNEWS
380,CSPAN
381,BBCNEWS
382,CSPAN
383,BBCNEWS
384,CSPAN
385,BBCNEWS
386,CSPAN
387,BBCNEWS
388,CSPAN
389,BBCNEWS
390,CSPAN
391,BBCNEWS
392,CSPAN
393,BBCNEWS
394,CSPAN
395,BBCNEWS
396,CSPAN
397,BBCNEWS
398,CSPAN
399,BBCNEWS
400,CSPAN
401,BBCNEWS
402,CSPAN
403,BBCNEWS
404,CSPAN
405,BBCNEWS
406,CSPAN
407,BBCNEWS
408,CSPAN
409,BBCNEWS
410,CSPAN
411,BBCNEWS
412,CSPAN
413,BBCNEWS
414,CSPAN
415,BBCNEWS
416,CSPAN
417,BBCNEWS
418,CSPAN
419,BBCNEWS
420,CSPAN
421,BBCNEWS
422,CSPAN
423,BBCNEWS
424,CSPAN
425,BBCNEWS
426,CSPAN
427,BBCNEWS
428,CSPAN
429,BBCNEWS
430,CSPAN
431,BBCNEWS
432,CSPAN
433,BBCNEWS
434,CSPAN
435,BBCNEWS
436,CSPAN
437,BBCNEWS
438,CSPAN
439,BBCNEWS
440,CSPAN
441,BBCNEWS
442,CSPAN
443,BBCNEWS
444,CSPAN
445,BBCNEWS
446,CSPAN
447,BBCNEWS
448,CSPAN
449,BBCNEWS
450,CSPAN
451,BBCNEWS
452,CSPAN
453,BBCNEWS
454,CSPAN
455,BBCNEWS
456,CSPAN
457,BBCNEWS
458,CSPAN
459,BBCNEWS
460,CSPAN
461,BBCNEWS
462,CSPAN
463,BBCNEWS
464,CSPAN
465,BBCNEWS
466,CSPAN
467,BBCNEWS
468,CSPAN
469,BBCNEWS
470,CSPAN
471,BBCNEWS
472,CSPAN
473,BBCNEWS
474,CSPAN
475,BBCNEWS
476,CSPAN
477,BBCNEWS
478,CSPAN
479,BBCNEWS
480,CSPAN
481,BBCNEWS
482,CSPAN
483,BBCNEWS
484,CSPAN
485,BBCNEWS
486,CSPAN
487,BBCNEWS
488,CSPAN
489,BBCNEWS
490,CSPAN
491,BBCNEWS
492,CSPAN
493,BBCNEWS
494,CSPAN
495,BBCNEWS
496,CSPAN
497,BBCNEWS
498,CSPAN
499,BBCNEWS
500,CSPAN
501,BBCNEWS
502,CSPAN
503,BBCNEWS
504,CSPAN
505,BBCNEWS
506,CSPAN
507,BBCNEWS
508,CSPAN
509,BBCNEWS
510,CSPAN
511,BBCNEWS
512,CSPAN
513,BBCNEWS
514,CSPAN
515,BBCNEWS
516,CSPAN
517,BBCNEWS
518,CSPAN
519,BBCNEWS
520,CSPAN
521,BBCNEWS
522,CSPAN
523,BBCNEWS
524,CSPAN
525,BBCNEWS
526,CSPAN
527,BBCNEWS
528,CSPAN
529,BBCNEWS
530,CSPAN
531,BBCNEWS
532,CSPAN
533,BBCNEWS
534,CSPAN
535,BBCNEWS
536,CSPAN
537,BBCNEWS
538,CSPAN
539,BBCNEWS
540,CSPAN
541,BBCNEWS
542,CSPAN
543,BBCNEWS
544,CSPAN
545,BBCNEWS
546,CSPAN
547,BBCNEWS
548,CSPAN
549,BBCNEWS
550,CSPAN
551,BBCNEWS
552,CSPAN
553,BBCNEWS
554,CSPAN
555,BBCNEWS
556,CSPAN
557,BBCNEWS
558,CSPAN
559,BBCNEWS
560,CSPAN
561,BBCNEWS
562,CSPAN
563,BBCNEWS
564,CSPAN
565,BBCNEWS
566,CSPAN
567,BBCNEWS
568,CSPAN
569,BBCNEWS
570,CSPAN
571,BBCNEWS
572,CSPAN
573,BBCNEWS
574,CSPAN
575,BBCNEWS
576,CSPAN
577,BBCNEWS
578,CSPAN
579,BBCNEWS
580,CSPAN
581,BBCNEWS
582,CSPAN
583,BBCNEWS
584,CSPAN
585,BBCNEWS
586,CSPAN
587,BBCNEWS
588,CSPAN
589,BBCNEWS
590,CSPAN
591,BBCNEWS
592,CSPAN
593,BBCNEWS
594,CSPAN
595,BBCNEWS
596,CSPAN
597,BBCNEWS
598,CSPAN
599,BBCNEWS
600,CSPAN
601,BBCNEWS
602,CSPAN
603,BBCNEWS
604,CSPAN
605,BBCNEWS
606,CSPAN
607,BBCNEWS
608,CSPAN
609,BBCNEWS
610,CSPAN
611,BBCNEWS
612,CSPAN
613,BBCNEWS
614,CSPAN
615,BBCNEWS
616,CSPAN
617,BBCNEWS
618,CSPAN
619,BBCNEWS
620,CSPAN
621,BBCNEWS
622,CSPAN
623,BBCNEWS
624,CSPAN
625,BBCNEWS
626,CSPAN
627,BBCNEWS
628,CSPAN
629,BBCNEWS
630,CSPAN
631,BBCNEWS
632,CSPAN
633,BBCNEWS
634,CSPAN
635,BBCNEWS
636,CSPAN
637,BBCNEWS
638,CSPAN
639,BBCNEWS
640,CSPAN
641,BBCNEWS
642,CSPAN
643,BBCNEWS
644,CSPAN
645,BBCNEWS
646,CSPAN
647,BBCNEWS
648,CSPAN
649,BBCNEWS
650,CSPAN
651,BBCNEWS
652,CSPAN
653,BBCNEWS
654,CSPAN
655,BBCNEWS
656,CSPAN
657,BBCNEWS
658,CSPAN
659,BBCNEWS
660,CSPAN
661,BBCNEWS
662,CSPAN
663,BBCNEWS
664,CSPAN
665,BBCNEWS
666,CSPAN
667,BBCNEWS
668,CSPAN
669,BBCNEWS
670,CSPAN
671,BBCNEWS
672,CSPAN
673,BBCNEWS
674,CSPAN
675,BBCNEWS
676,CSPAN
677,BBCNEWS
678,CSPAN
679,BBCNEWS
680,CSPAN
681,BBCNEWS
682,CSPAN
683,BBCNEWS
684,CSPAN
685,BBCNEWS
686,CSPAN
687,BBCNEWS
688,CSPAN
689,BBCNEWS
690,CSPAN
691,BBCNEWS
692,CSPAN
693,BBCNEWS
694,CSPAN
695,BBCNEWS
696,CSPAN
697,BBCNEWS
698,CSPAN
699,BBCNEWS
700,CSPAN
701,BBCNEWS
702,CSPAN
703,BBCNEWS
704,CSPAN
705,BBCNEWS
706,CSPAN
707,BBCNEWS
708,CSPAN
709,BBCNEWS
710,CSPAN
711,BBCNEWS
712,CSPAN
713,BBCNEWS
714,CSPAN
715,BBCNEWS
716,CSPAN
717,BBCNEWS
718,CSPAN
719,BBCNEWS
720,CSPAN
721,BBCNEWS
722,CSPAN
723,BBCNEWS
724,CSPAN
725,BBCNEWS
726,CSPAN
727,BBCNEWS
728,CSPAN
729,BBCNEWS
730,CSPAN
731,BBCNEWS
732,CSPAN
733,BBCNEWS
734,CSPAN
735,BBCNEWS
736,CSPAN
737,BBCNEWS
738,CSPAN
739,BBCNEWS
740,CSPAN
741,BBCNEWS
742,CSPAN
743,BBCNEWS
744,CSPAN
745,BBCNEWS
746,CSPAN
747,BBCNEWS
748,CSPAN
749,BBCNEWS
750,CSPAN
751,BBCNEWS
752,CSPAN
753,BBCNEWS
754,CSPAN
755,BBCNEWS
756,CSPAN
757,BBCNEWS
758,CSPAN
759,BBCNEWS
760,CSPAN
761,BBCNEWS
762,CSPAN
763,BBCNEWS
764,CSPAN
765,BBCNEWS
766,CSPAN
767,BBCNEWS
768,CSPAN
769,BBCNEWS
770,CSPAN
771,BBCNEWS
772,CSPAN
773,BBCNEWS
774,CSPAN
775,BBCNEWS
776,CSPAN
777,BBCNEWS
778,CSPAN
779,BBCNEWS
780,CSPAN
781,BBCNEWS
782,CSPAN
783,BBCNEWS
784,CSPAN
785,BBCNEWS
786,CSPAN
787,BBCNEWS
788,CSPAN
789,BBCNEWS
790,CSPAN
791,BBCNEWS
792,CSPAN
793,BBCNEWS
794,CSPAN
795,BBCNEWS
796,CSPAN
797,BBCNEWS
798,CSPAN
799,BBCNEWS
800,CSPAN
801,BBCNEWS
802,CSPAN
803,BBCNEWS
804,CSPAN
805,BBCNEWS
806,CSPAN
807,BBCNEWS
808,CSPAN
809,BBCNEWS
810,CSPAN
811,BBCNEWS
812,CSPAN
813,BBCNEWS
814,CSPAN
815,BBCNEWS
816,CSPAN
817,BBCNEWS
818,CSPAN
819,BBCNEWS
820,CSPAN
821,BBCNEWS
822,CSPAN
823,BBCNEWS
824,CSPAN
825,BBCNEWS
826,CSPAN
827,BBCNEWS
828,CSPAN
829,BBCNEWS
830,CSPAN
831,BBCNEWS
832,CSPAN
833,BBCNEWS
834,CSPAN
835,BBCNEWS
836,CSPAN
837,BBCNEWS
838,CSPAN
839,BBCNEWS
840,CSPAN
841,BBCNEWS
842,CSPAN
843,BBCNEWS
844,CSPAN
845,BBCNEWS
846,CSPAN
847,BBCNEWS
848,CSPAN
849,BBCNEWS
850,CSPAN
851,BBCNEWS
852,CSPAN
853,BBCNEWS
854,CSPAN
855,BBCNEWS
856,CSPAN
857,BBCNEWS
858,CSPAN
859,BBCNEWS
860,CSPAN
861,BBCNEWS
862,CSPAN
863,BBCNEWS
864,CSPAN
865,BBCNEWS
866,CSPAN
867,BBCNEWS
868,CSPAN
869,BBCNEWS
870,CSPAN
871,BBCNEWS
872,CSPAN
873,BBCNEWS
874,CSPAN
875,BBCNEWS
876,CSPAN
877,BBCNEWS
878,CSPAN
879,BBCNEWS
880,CSPAN
881,BBCNEWS
882,CSPAN
883,BBCNEWS
884,CSPAN
885,BBCNEWS
886,CSPAN
887,BBCNEWS
888,CSPAN
889,BBCNEWS
890,CSPAN
891,BBCNEWS
892,CSPAN
893,BBCNEWS
894,CSPAN
895,BBCNEWS
896,CSPAN
897,BBCNEWS
898,CSPAN
899,BBCNEWS
900,CSPAN
901,BBCNEWS
902,CSPAN
903,BBCNEWS
904,CSPAN
905,BBCNEWS
906,CSPAN
907,BBCNEWS
908,CSPAN
909,BBCNEWS
910,CSPAN
911,BBCNEWS
912,CSPAN
913,BBCNEWS
914,CSPAN
915,BBCNEWS
916,CSPAN
917,BBCNEWS
918,CSPAN
919,BBCNEWS
920,CSPAN
921,BBCNEWS
922,CSPAN
923,BBCNEWS
924,CSPAN
925,BBCNEWS
926,CSPAN
927,BBCNEWS
928,CSPAN
929,BBCNEWS
930,CSPAN
931,BBCNEWS
932,CSPAN
933,BBCNEWS
934,CSPAN
935,BBCNEWS
936,CSPAN
937,BBCNEWS
938,CSPAN
939,BBCNEWS
940,CSPAN
941,BBCNEWS
942,CSPAN
943,BBCNEWS
944,CSPAN
945,BBCNEWS
946,CSPAN
947,BBCNEWS
948,CSPAN
949,BBCNEWS
950,CSPAN
951,BBCNEWS
952,CSPAN
953,BBCNEWS
954,CSPAN
955,BBCNEWS
956,CSPAN
957,BBCNEWS
958,CSPAN
959,BBCNEWS
960,CSPAN
961,BBCNEWS
962,CSPAN
963,BBCNEWS
964,CSPAN
965,BBCNEWS
966,CSPAN
967,BBCNEWS
968,CSPAN
969,BBCNEWS
970,CSPAN
971,BBCNEWS
972,CSPAN
973,BBCNEWS
974,CSPAN
975,BBCNEWS
976,CSPAN
977,BBCNEWS
978,CSPAN
979,BBCNEWS
980,CSPAN
981,BBCNEWS
982,CSPAN
983,BBCNEWS
984,CSPAN
985,BBCNEWS
986,CSPAN
987,BBCNEWS
988,CSPAN
989,BBCNEWS
990,CSPAN
991,BBCNEWS
992,CSPAN
993,BBCNEWS
994,CSPAN
995,BBCNEWS
996,CSPAN
997,BBCNEWS
998,CSPAN
999,BBCNEWS
1000,CSPAN
1001,BBCNEWS
1002,CSPAN
1003,BBCNEWS
1004,CSPAN
1005,BBCNEWS
1006,CSPAN
1007,BBCNEWS
1008,CSPAN
1009,BBCNEWS
1010,CSPAN
1011,BBCNEWS
1012,CSPAN
1013,BBCNEWS
1014,CSPAN
1015,BBCNEWS
1016,CSPAN
1017,BBCNEWS
1018,CSPAN
1019,BBCNEWS
1020,CSPAN
1021,BBCNEWS
1022,CSPAN
1023,BBCNEWS
1024,CSPAN
1025,BBCNEWS
1026,CSPAN
1027,BBCNEWS
1028,CSPAN
1029,BBCNEWS
1030,CSPAN
1031,BBCNEWS
1032,CSPAN
1033,BBCNEWS
1034,CSPAN
1035,BBCNEWS
1036,CSPAN
1037,BBCNEWS
1038,CSPAN
1039,BBCNEWS
1040,CSPAN
1041,BBCNEWS
1042,CSPAN
1043,BBCNEWS
1044,CSPAN
1045,BBCNEWS
1046,CSPAN
1047,BBCNEWS
1048,CSPAN
1049,BBCNEWS
1050,CSPAN
1051,BBCNEWS
1052,CSPAN
1053,BBCNEWS
1054,CSPAN
1055,BBCNEWS
1056,CSPAN
1057,BBCNEWS
1058,CSPAN
1059,BBCNEWS
1060,CSPAN
1061,BBCNEWS
1062,CSPAN
1063,BBCNEWS
1064,CSPAN
1065,BBCNEWS
1066,CSPAN
1067,BBCNEWS
1068,CSPAN
1069,BBCNEWS
1070,CSPAN
1071,BBCNEWS
1072,CSPAN
1073,BBCNEWS
1074,CSPAN
1075,BBCNEWS
1076,CSPAN
1077,BBCNEWS
1078,CSPAN
1079,BBCNEWS
1080,CSPAN
1081,BBCNEWS
1082,CSPAN
1083,BBCNEWS
1084,CSPAN
1085,BBCNEWS
1086,CSPAN
1087,BBCNEWS
1088,CSPAN
1089,BBCNEWS
1090,CSPAN
1091,BBCNEWS
1092,CSPAN
1093,BBCNEWS
1094,CSPAN
1095,BBCNEWS
1096,CSPAN
1097,BBCNEWS
1098,CSPAN
1099,BBCNEWS
1100,CSPAN
1101,BBCNEWS
1102,CSPAN
1103,BBCNEWS
1104,CSPAN
1105,BBCNEWS
1106,CSPAN
1107,BBCNEWS
1108,CSPAN
1109,BBCNEWS
1110,CSPAN
1111,BBCNEWS
1112,CSPAN
1113,BBCNEWS
1114,CSPAN
1115,BBCNEWS
1116,CSPAN
1117,BBCNEWS
1118,CSPAN
1119,BBCNEWS
1120,CSPAN
1121,BBCNEWS
1122,CSPAN
1123,BBCNEWS
1124,CSPAN
1125,BBCNEWS
1126,CSPAN
1127,BBCNEWS
1128,CSPAN
1129,BBCNEWS
1130,CSPAN
1131,BBCNEWS
1132,CSPAN
1133,BBCNEWS
1134,CSPAN
1135,BBCNEWS
1136,CSPAN
1137,BBCNEWS
1138,CSPAN
1139,BBCNEWS
1140,CSPAN
1141,BBCNEWS
1142,CSPAN
1143,BBCNEWS
1144,CSPAN
1145,BBCNEWS
1146,CSPAN
1147,BBCNEWS
1148,CSPAN
1149,BBCNEWS
1150,CSPAN
1151,BBCNEWS
1152,CSPAN
1153,BBCNEWS
1154,CSPAN
1155,BBCNEWS
1156,CSPAN
1157,BBCNEWS
1158,CSPAN
1159,BBCNEWS
1160,CSPAN
1161,BBCNEWS
1162,CSPAN
1163,BBCNEWS
1164,CSPAN
1165,BBCNEWS
1166,CSPAN
1167,BBCNEWS
1168,CSPAN
1169,BBCNEWS
1170,CSPAN
1171,BBCNEWS
1172,CSPAN
1173,BBCNEWS
1174,CSPAN
1175,BBCNEWS
1176,CSPAN
1177,BBCNEWS
1178,CSPAN
1179,BBCNEWS
1180,CSPAN
1181,BBCNEWS
1182,CSPAN
1183,BBCNEWS
1184,CSPAN
1185,BBCNEWS
1186,CSPAN
1187,BBCNEWS
1188,CSPAN
1189,BBCNEWS
1190,CSPAN
1191,BBCNEWS
1192,CSPAN
1193,BBCNEWS
1194,CSPAN
1195,BBCNEWS
1196,CSPAN
1197,BBCNEWS
1198,CSPAN
1199,BBCNEWS
1200,CSPAN
1201,BBCNEWS
1202,CSPAN
1203,BBCNEWS
1204,CSPAN
1205,BBCNEWS
1206,CSPAN
1207,BBCNEWS
1208,CSPAN
1209,BBCNEWS
1210,CSPAN
1211,BBCNEWS
1212,CSPAN
1213,BBCNEWS
1214,CSPAN
1215,BBCNEWS
1216,CSPAN
1217,BBCNEWS
1218,CSPAN
1219,BBCNEWS
1220,CSPAN
1221,BBCNEWS
1222,CSPAN
1223,BBCNEWS
1224,CSPAN
1225,BBCNEWS
1226,CSPAN
1227,BBCNEWS
1228,CSPAN
1229,BBCNEWS
1230,CSPAN
1231,BBCNEWS
1232,CSPAN
1233,BBCNEWS
1234,CSPAN
1235,BBCNEWS
1236,CSPAN
1237,BBCNEWS
1238,CSPAN
1239,BBCNEWS
1240,CSPAN
1241,BBCNEWS
1242,CSPAN
1243,BBCNEWS
1244,CSPAN
1245,BBCNEWS
1246,CSPAN
1247,BBCNEWS
1248,CSPAN
1249,BBCNEWS
1250,CSPAN
1251,BBCNEWS
1252,CSPAN
1253,BBCNEWS
1254,CSPAN
1255,BBCNEWS
1256,CSPAN
1257,BBCNEWS
1258,CSPAN
1259,BBCNEWS
1260,CSPAN
1261,BBCNEWS
1262,CSPAN
1263,BBCNEWS
1264,CSPAN
1265,BBCNEWS
1266,CSPAN
1267,BBCNEWS
1268,CSPAN
1269,BBCNEWS
1270,CSPAN
1271,BBCNEWS
1272,CSPAN
1273,BBCNEWS
1274,CSPAN
1275,BBCNEWS
1276,CSPAN
1277,BBCNEWS
1278,CSPAN
1279,BBCNEWS
1280,CSPAN
1281,BBCNEWS
1282,CSPAN
1283,BBCNEWS
1284,CSPAN
1285,BBCNEWS
1286,CSPAN
1287,BBCNEWS
1288,CSPAN
1289,BBCNEWS
1290,CSPAN
1291,BBCNEWS
1292,CSPAN
1293,BBCNEWS
1294,CSPAN
1295,BBCNEWS
1296,CSPAN
1297,BBCNEWS
1298,CSPAN
1299,BBCNEWS
1300,CSPAN
1301,BBCNEWS
1302,CSPAN
1303,BBCNEWS
1304,CSPAN
1305,BBCNEWS
1306,CSPAN
1307,BBCNEWS
1308,CSPAN
1309,BBCNEWS
1310,CSPAN
1311,BBCNEWS
1312,CSPAN
1313,BBCNEWS
1314,CSPAN
1315,BBCNEWS
1316,CSPAN
1317,BBCNEWS
1318,CSPAN
1319,BBCNEWS
1320,CSPAN
1321,BBCNEWS
1322,CSPAN
1323,BBCNEWS
1324,CSPAN
1325,BBCNEWS
1326,CSPAN
1327,BBCNEWS
1328,CSPAN
1329,BBCNEWS
1330,CSPAN
1331,BBCNEWS
1332,CSPAN
1333,BBCNEWS
1334,CSPAN
1335,BBCNEWS
1336,CSPAN
1337,BBCNEWS
1338,CSPAN
1339,BBCNEWS
1340,CSPAN
1341,BBCNEWS
1342,CSPAN
1343,BBCNEWS
1344,CSPAN
1345,BBCNEWS
1346,CSPAN
1347,BBCNEWS
1348,CSPAN
1349,BBCNEWS
1350,CSPAN
1351,BBCNEWS
1352,CSPAN
1353,BBCNEWS
1354,CSPAN
1355,BBCNEWS
1356,CSPAN
1357,BBCNEWS
1358,CSPAN
1359,BBCNEWS
1360,CSPAN
1361,BBCNEWS
1362,CSPAN
1363,BBCNEWS
1364,CSPAN
1365,BBCNEWS
1366,CSPAN
1367,BBCNEWS
1368,CSPAN
1369,BBCNEWS
1370,CSPAN
1371,BBCNEWS
1372,CSPAN
1373,BBCNEWS
1374,CSPAN
1375,BBCNEWS
1376,CSPAN
1377,BBCNEWS
1378,CSPAN
1379,BBCNEWS
1380,CSPAN
1381,BBCNEWS
1382,CSPAN
1383,BBCNEWS
1384,CSPAN
1385,BBCNEWS
1386,CSPAN
1387,BBCNEWS
1388,CSPAN
1389,BBCNEWS
1390,CSPAN
1391,BBCNEWS
1392,CSPAN
1393,BBCNEWS
1394,CSPAN
1395,BBCNEWS
1396,CSPAN
1397,BBCNEWS
1398,CSPAN
1399,BBCNEWS
1400,CSPAN
1401,BBCNEWS
1402,CSPAN
1403,BBCNEWS
1404,CSPAN
1405,BBCNEWS
1406,CSPAN
1407,BBCNEWS
1408,CSPAN
1409,BBCNEWS
1410,CSPAN
1411,BBCNEWS
1412,CSPAN
1413,BBCNEWS
1414,CSPAN
1415,BBCNEWS
1416,CSPAN
1417,BBCNEWS
1418,CSPAN
1419,BBCNEWS
1420,CSPAN
1421,BBCNEWS
1422,CSPAN
1423,BBCNEWS
1424,CSPAN
1425,BBCNEWS
1426,CSPAN
1427,BBCNEWS
1428,CSPAN
1429,BBCNEWS
1430,CSPAN
1431,BBCNEWS
1432,CSPAN
1433,BBCNEWS
1434,CSPAN
1435,BBCNEWS
1436,CSPAN
1437,BBCNEWS
1438,CSPAN
1439,BBCNEWS
1440,CSPAN
1441,BBCNEWS
1442,CSPAN
1443,BBCNEWS
1444,CSPAN
1445,BBCNEWS
1446,CSPAN
1447,BBCNEWS
1448,CSPAN
1449,BBCNEWS
1450,CSPAN
1451,BBCNEWS
1452,CSPAN
1453,BBCNEWS
1454,CSPAN
1455,BBCNEWS
1456,CSPAN
1457,BBCNEWS
1458,CSPAN
1459,BBCNEWS
1460,CSPAN
1461,BBCNEWS
1462,CSPAN
1463,BBCNEWS
1464,CSPAN
1465,BBCNEWS
1466,CSPAN
1467,BBCNEWS
1468,CSPAN
1469,BBCNEWS
1470,CSPAN
1471,BBCNEWS
1472,CSPAN
1473,BBCNEWS
1474,CSPAN
1475,BBCNEWS
1476,CSPAN
1477,BBCNEWS
1478,CSPAN
1479,BBCNEWS
1480,CSPAN
1481,BBCNEWS
1482,CSPAN
1483,BBCNEWS
1484,CSPAN
1485,BBCNEWS
1486,CSPAN
1487,BBCNEWS
1488,CSPAN
1489,BBCNEWS
1490,CSPAN
1491,BBCNEWS
1492,CSPAN
1493,BBCNEWS
1494,CSPAN
1495,BBCNEWS
1496,CSPAN
1497,BBCNEWS
1498,CSPAN
1499,BBCNEWS
1500,CSPAN
1501,BBCNEWS
1502,CSPAN
1503,BBCNEWS
1504,CSPAN
1505,BBCNEWS
1506,CSPAN
1507,BBCNEWS
1508,CSPAN
1509,BBCNEWS
1510,CSPAN
1511,BBCNEWS
1512,CSPAN
1513,BBCNEWS
1514,CSPAN
1515,BBCNEWS
1516,CSPAN
1517,BBCNEWS
1518,CSPAN
1519,BBCNEWS
1520,CSPAN
1521,BBCNEWS
1522,CSPAN
1523,BBCNEWS
1524,CSPAN
1525,BBCNEWS
1526,CSPAN
1527,BBCNEWS
1528,CSPAN
1529,BBCNEWS
1530,CSPAN
1531,BBCNEWS
1532,CSPAN
1533,BBCNEWS
1534,CSPAN
1535,BBCNEWS
1536,CSPAN
1537,BBCNEWS
1538,CSPAN
1539,BBCNEWS
1540,CSPAN
1541,BBCNEWS
1542,CSPAN
1543,BBCNEWS
1544,CSPAN
1545,BBCNEWS
1546,CSPAN
1547,BBCNEWS
1548,CSPAN
1549,BBCNEWS
1550,CSPAN
1551,BBCNEWS
1552,CSPAN
1553,BBCNEWS
1554,CSPAN
1555,BBCNEWS
1556,CSPAN
1557,BBCNEWS
1558,CSPAN
1559,BBCNEWS
1560,CSPAN
1561,BBCNEWS
1562,CSPAN
1563,BBCNEWS
1564,CSPAN
1565,BBCNEWS
1566,CSPAN
1567,BBCNEWS
1568,CSPAN
1569,BBCNEWS
1570,CSPAN
1571,BBCNEWS
1572,CSPAN
1573,BBCNEWS
1574,CSPAN
1575,BBCNEWS
1576,CSPAN
1577,BBCNEWS
1578,CSPAN
1579,BBCNEWS
1580,CSPAN
1581,BBCNEWS
1582,CSPAN
1583,BBCNEWS
1584,CSPAN
1585,BBCNEWS
1586,CSPAN
1587,BBCNEWS
1588,CSPAN
1589,BBCNEWS
1590,CSPAN
1591,BBCNEWS
1592,CSPAN
1593,BBCNEWS
1594,CSPAN
1595,BBCNEWS
1596,CSPAN
1597,BBCNEWS
1598,CSPAN
1599,BBCNEWS
1600,CSPAN
1601,BBCNEWS
1602,CSPAN
1603,BBCNEWS
1604,CSPAN
1605,BBCNEWS
1606,CSPAN
1607,BBCNEWS
1608,CSPAN
1609,BBCNEWS
1610,CSPAN
1611,BBCNEWS
1612,CSPAN
1613,BBCNEWS
1614,CSPAN
1615,BBCNEWS
1616,CSPAN
1617,BBCNEWS
1618,CSPAN
1619,BBCNEWS
1620,CSPAN
1621,BBCNEWS
1622,CSPAN
1623,BBCNEWS
1624,CSPAN
1625,BBCNEWS
1626,CSPAN
1627,BBCNEWS
1628,CSPAN
1629,BBCNEWS
1630,CSPAN
1631,BBCNEWS
1632,CSPAN
1633,BBCNEWS
1634,CSPAN
1635,BBCNEWS
1636,CSPAN
1637,BBCNEWS
1638,CSPAN
1639,BBCNEWS
1640,CSPAN
1641,BBCNEWS
1642,CSPAN
1643,BBCNEWS
1644,CSPAN
1645,BBCNEWS
1646,CSPAN
1647,BBCNEWS
1648,CSPAN
1649,BBCNEWS
1650,CSPAN
1651,BBCNEWS
1652,CSPAN
1653,BBCNEWS
1654,CSPAN
1655,BBCNEWS
1656,CSPAN
1657,BBCNEWS
1658,CSPAN
1659,BBCNEWS
1660,CSPAN
1661,BBCNEWS
1662,CSPAN
1663,BBCNEWS
1664,CSPAN
1665,BBCNEWS
1666,CSPAN
1667,BBCNEWS
1668,CSPAN
1669,BBCNEWS
1670,CSPAN
1671,BBCNEWS
1672,CSPAN
1673,BBCNEWS
1674,CSPAN
1675,BBCNEWS
1676,CSPAN
1677,BBCNEWS
1678,CSPAN
1679,BBCNEWS
1680,CSPAN
1681,BBCNEWS
1682,CSPAN
1683,BBCNEWS
1684,CSPAN
1685,BBCNEWS
1686,CSPAN
1687,BBCNEWS
1688,CSPAN
1689,BBCNEWS
1690,CSPAN
1691,BBCNEWS
1692,CSPAN
1693,BBCNEWS
1694,CSPAN
1695,BBCNEWS
1696,CSPAN
1697,BBCNEWS
1698,CSPAN
1699,BBCNEWS
1700,CSPAN
1701,BBCNEWS
1702,CSPAN
1703,BBCNEWS
1704,CSPAN
1705,BBCNEWS
1706,CSPAN
1707,BBCNEWS
1708,CSPAN
1709,BBCNEWS
1710,CSPAN
1711,BBCNEWS
1712,CSPAN
1713,BBCNEWS
1714,CSPAN
1715,BBCNEWS
1716,CSPAN
1717,BBCNEWS
1718,CSPAN
1719,BBCNEWS
1720,CSPAN
1721,BBCNEWS
1722,CSPAN
1723,BBCNEWS
1724,CSPAN
1725,BBCNEWS
1726,CSPAN
1727,BBCNEWS
1728,CSPAN
1729,BBCNEWS
1730,CSPAN
1731,BBCNEWS
1732,CSPAN
1733,BBCNEWS
1734,CSPAN
1735,BBCNEWS
1736,CSPAN
1737,BBCNEWS
1738,CSPAN
1739,BBCNEWS
1740,CSPAN
1741,BBCNEWS
1742,CSPAN
1743,BBCNEWS
1744,CSPAN
1745,BBCNEWS
1746,CSPAN
1747,BBCNEWS
1748,CSPAN
1749,BBCNEWS
1750,CSPAN
1751,BBCNEWS
1752,CSPAN
1753,BBCNEWS
1754,CSPAN
1755,BBCNEWS
1756,CSPAN
1757,BBCNEWS
1758,CSPAN
1759,BBCNEWS
1760,CSPAN
1761,BBCNEWS
1762,CSPAN
1763,BBCNEWS
1764,CSPAN
1765,BBCNEWS
1766,CSPAN
1767,BBCNEWS
1768,CSPAN
1769,BBCNEWS
1770,CSPAN
1771,BBCNEWS
1772,CSPAN
1773,BBCNEWS
1774,CSPAN
1775,BBCNEWS
1776,CSPAN
1777,BBCNEWS
1778,CSPAN
1779,BBCNEWS
1780,CSPAN
1781,BBCNEWS
1782,CSPAN
1783,BBCNEWS
1784,CSPAN
1785,BBCNEWS
1786,CSPAN
1787,BBCNEWS
1788,CSPAN
1789,BBCNEWS
1790,CSPAN
1791,BBCNEWS
1792,CSPAN
1793,BBCNEWS
1794,CSPAN
1795,BBCNEWS
1796,CSPAN
1797,BBCNEWS
1798,CSPAN
1799,BBCNEWS
1800,CSPAN
1801,BBCNEWS
1802,CSPAN
1803,BBCNEWS
1804,CSPAN
1805,BBCNEWS
1806,CSPAN
1807,BBCNEWS
1808,CSPAN
1809,BBCNEWS
1810,CSPAN
1811,BBCNEWS
1812,CSPAN
1813,BBCNEWS
1814,CSPAN
1815,BBCNEWS
1816,CSPAN
1817,BBCNEWS
1818,CSPAN
1819,BBCNEWS
1820,CSPAN
1821,BBCNEWS
1822,CSPAN
1823,BBCNEWS
1824,CSPAN
1825,BBCNEWS
1826,CSPAN
1827,BBCNEWS
1828,CSPAN
1829,BBCNEWS
1830,CSPAN
1831,BBCNEWS
1832,CSPAN
1833,BBCNEWS
1834,CSPAN
1835,BBCNEWS
1836,CSPAN
1837,BBCNEWS
1838,CSPAN
1839,BBCNEWS
1840,CSPAN
1841,BBCNEWS
1842,CSPAN
1843,BBCNEWS
1844,CSPAN
1845,BBCNEWS
1846,CSPAN
1847,BBCNEWS
1848,CSPAN
1849,BBCNEWS
1850,CSPAN
1851,BBCNEWS
1852,CSPAN
1853,BBCNEWS
1854,CSPAN
1855,BBCNEWS
1856,CSPAN
1857,BBCNEWS
1858,CSPAN
1859,BBCNEWS
1860,CSPAN
1861,BBCNEWS
1862,CSPAN
1863,BBCNEWS
1864,CSPAN
1865,BBCNEWS
1866,CSPAN
1867,BBCNEWS
1868,CSPAN
1869,BBCNEWS
1870,CSPAN
1871,BBCNEWS
1872,CSPAN
1873,BBCNEWS
1874,CSPAN
1875,BBCNEWS
1876,CSPAN
1877,BBCNEWS
1878,CSPAN
1879,BBCNEWS
1880,CSPAN
1881,BBCNEWS
1882,CSPAN
1883,BBCNEWS
1884,CSPAN
1885,BBCNEWS
1886,CSPAN
1887,BBCNEWS
1888,CSPAN
1889,BBCNEWS
1890,CSPAN
1891,BBCNEWS
1892,CSPAN
1893,BBCNEWS
1894,CSPAN
1895,BBCNEWS
1896,CSPAN
1897,BBCNEWS
1898,CSPAN
1899,BBCNEWS
1900,CSPAN
1901,BBCNEWS
1902,CSPAN
1903,BBCNEWS
1904,CSPAN
1905,BBCNEWS
1906,CSPAN
1907,BBCNEWS
1908,CSPAN
1909,BBCNEWS
1910,CSPAN
1911,BBCNEWS
1912,CSPAN
1913,BBCNEWS
1914,CSPAN
1915,BBCNEWS
1916,CSPAN
1917,BBCNEWS
1918,CSPAN
1919,BBCNEWS
1920,CSPAN
1921,BBCNEWS
1922,CSPAN
1923,BBCNEWS
1924,CSPAN
1925,BBCNEWS
1926,CSPAN
1927,BBCNEWS
1928,CSPAN
1929,BBCNEWS
1930,CSPAN
1931,BBCNEWS
1932,CSPAN
1933,BBCNEWS
1934,CSPAN
1935,BBCNEWS
1936,CSPAN
1937,BBCNEWS
1938,CSPAN
1939,BBCNEWS
1940,CSPAN
1941,BBCNEWS
1942,CSPAN
1943,BBCNEWS
1944,CSPAN
1945,BBCNEWS
1946,CSPAN
1947,BBCNEWS
1948,CSPAN
1949,BBCNEWS
1950,CSPAN
1951,BBCNEWS
1952,CSPAN
1953,BBCNEWS
1954,CSPAN
1955,BBCNEWS
1956,CSPAN
1957,BBCNEWS
1958,CSPAN
1959,BBCNEWS
1960,CSPAN
1961,BBCNEWS
1962,CSPAN
1963,BBCNEWS
1964,CSPAN
1965,BBCNEWS
1966,CSPAN
1967,BBCNEWS
1968,CSPAN
1969,BBCNEWS
1970,CSPAN
1971,BBCNEWS
1972,CSPAN
1973,BBCNEWS
1974,CSPAN
1975,BBCNEWS
1976,CSPAN
1977,BBCNEWS
1978,CSPAN
1979,BBCNEWS
1980,CSPAN
1981,BBCNEWS
1982,CSPAN
1983,BBCNEWS
1984,CSPAN
1985,BBCNEWS
1986,CSPAN
1987,BBCNEWS
1988,CSPAN
1989,BBCNEWS
1990,CSPAN
1991,BBCNEWS
1992,CSPAN
1993,BBCNEWS
1994,CSPAN
1995,BBCNEWS
1996,CSPAN
1997,BBCNEWS
1998,CSPAN
1999,BBCNEWS
2000,CSPAN
2001,BBCNEWS
2002,CSPAN
2003,BBCNEWS
2004,CSPAN
2005,BBCNEWS
2006,CSPAN
2007,BBCNEWS
2008,CSPAN
2009,BBCNEWS
2010,CSPAN
2011,BBCNEWS
2012,CSPAN
2013,BBCNEWS
2014,CSPAN
2015,BBCNEWS
2016,CSPAN
2017,BBCNEWS
2018,CSPAN
2019,BBCNEWS
2020,CSPAN
2021,BBCNEWS
2022,CSPAN
2023,BBCNEWS
2024,CSPAN
2025,BBCNEWS
2026,CSPAN
2027,BBCNEWS
2028,CSPAN
2029,BBCNEWS
2030,CSPAN
2031,BBCNEWS
2032,CSPAN
2033,BBCNEWS
2034,CSPAN
2035,BBCNEWS
2036,CSPAN
2037,BBCNEWS
2038,CSPAN
2039,BBCNEWS
2040,CSPAN
2041,BBCNEWS
2042,CSPAN
2043,BBCNEWS
2044,CSPAN
2045,BBCNEWS
2046,CSPAN
2047,BBCNEWS
2048,CSPAN
2049,BBCNEWS
2050,CSPAN
2051,BBCNEWS
2052,CSPAN
2053,BBCNEWS
2054,CSPAN
2055,BBCNEWS
2056,CSPAN
2057,BBCNEWS
2058,CSPAN
2059,BBCNEWS
2060,CSPAN
2061,BBCNEWS
2062,CSPAN
2063,BBCNEWS
2064,CSPAN
2065,BBCNEWS
2066,CSPAN
2067,BBCNEWS
2068,CSPAN
2069,BBCNEWS
2070,CSPAN
2071,BBCNEWS
2072,CSPAN
2073,BBCNEWS
2074,CSPAN
2075,BBCNEWS
2076,CSPAN
2077,BBCNEWS
2078,CSPAN
2079,BBCNEWS
2080,CSPAN
2081,BBCNEWS
2082,CSPAN
2083,BBCNEWS
2084,CSPAN
2085,BBCNEWS
2086,CSPAN
2087,BBCNEWS
2088,CSPAN
2089,BBCNEWS
2090,CSPAN
2091,BBCNEWS
2092,CSPAN
2093,BBCNEWS
2094,CSPAN
2095,BBCNEWS
2096,CSPAN
2097,BBCNEWS
2098,CSPAN
2099,BBCNEWS
2100,CSPAN
2101,BBCNEWS
2102,CSPAN
2103,BBCNEWS
2104,CSPAN
2105,BBCNEWS
2106,CSPAN
2107,BBCNEWS
2108,CSPAN
2109,BBCNEWS
2110,CSPAN
2111,BBCNEWS
2112,CSPAN
2113,BBCNEWS
2114,CSPAN
2115,BBCNEWS
2116,CSPAN
2117,BBCNEWS
2118,CSPAN
2119,BBCNEWS
2120,CSPAN
2121,BBCNEWS
2122,CSPAN
2123,BBCNEWS
2124,CSPAN
2125,BBCNEWS
2126,CSPAN
2127,BBCNEWS
2128,CSPAN
2129,BBCNEWS
2130,CSPAN
2131,BBCNEWS
2132,CSPAN
2133,BBCNEWS
2134,CSPAN
2135,BBCNEWS
2136,CSPAN
2137,BBCNEWS
2138,CSPAN
2139,BBCNEWS
2140,CSPAN
2141,BBCNEWS
2142,CSPAN
2143,BBCNEWS
2144,CSPAN
2145,BBCNEWS
2146,CSPAN
2147,BBCNEWS
2148,CSPAN
2149,BBCNEWS
2150,CSPAN
2151,BBCNEWS
2152,CSPAN
2153,BBCNEWS
2154,CSPAN
2155,BBCNEWS
2156,CSPAN
2157,BBCNEWS
2158,CSPAN
2159,BBCNEWS
2160,CSPAN
2161,BBCNEWS
2162,CSPAN
2163,BBCNEWS
2164,CSPAN
2165,BBCNEWS
2166,CSPAN
2167,BBCNEWS
2168,CSPAN
2169,BBCNEWS
2170,CSPAN
2171,BBCNEWS
2172,CSPAN
2173,BBCNEWS
2174,CSPAN
2175,BBCNEWS
2176,CSPAN
2177,BBCNEWS
2178,CSPAN
2179,BBCNEWS
2180,CSPAN
2181,BBCNEWS
2182,CSPAN
2183,BBCNEWS
2184,CSPAN
2185,BBCNEWS
2186,CSPAN
2187,BBCNEWS
2188,CSPAN
2189,BBCNEWS
2190,CSPAN
2191,BBCNEWS
2192,CSPAN
2193,BBCNEWS
2194,CSPAN
2195,BBCNEWS
2196,CSPAN
2197,BBCNEWS
2198,CSPAN
2199,BBCNEWS
2200,CSPAN
2201,BBCNEWS
2202,CSPAN
2203,BBCNEWS
2204,CSPAN
2205,BBCNEWS
2206,CSPAN
2207,BBCNEWS
2208,CSPAN
2209,BBCNEWS
2210,CSPAN
2211,BBCNEWS
2212,CSPAN
2213,BBCNEWS
2214,CSPAN
2215,BBCNEWS
2216,CSPAN
2217,BBCNEWS
2218,CSPAN
2219,BBCNEWS
2220,CSPAN
2221,BBCNEWS
2222,CSPAN
2223,BBCNEWS
2224,CSPAN
2225,BBCNEWS
2226,CSPAN
2227,BBCNEWS
2228,CSPAN
2229,BBCNEWS
2230,CSPAN
2231,BBCNEWS
2232,CSPAN
2233,BBCNEWS
2234,CSPAN
2235,BBCNEWS
2236,CSPAN
2237,BBCNEWS
2238,CSPAN
2239,BBCNEWS
2240,CSPAN
2241,BBCNEWS
2242,CSPAN
2243,BBCNEWS
2244,CSPAN
2245,BBCNEWS
2246,CSPAN
2247,BBCNEWS
2248,CSPAN
2249,BBCNEWS
2250,CSPAN
2251,BBCNEWS
2252,CSPAN
2253,BBCNEWS
2254,CSPAN
2255,BBCNEWS
2256,CSPAN
2257,BBCNEWS
2258,CSPAN
2259,BBCNEWS
2260,CSPAN
2261,BBCNEWS
2262,CSPAN
2263,BBCNEWS
2264,CSPAN
2265,BBCNEWS
2266,CSPAN
2267,BBCNEWS
2268,CSPAN
2269,BBCNEWS
2270,CSPAN
2271,BBCNEWS
2272,CSPAN
2273,BBCNEWS
2274,CSPAN
2275,BBCNEWS
2276,CSPAN
2277,BBCNEWS
2278,CSPAN
2279,BBCNEWS
2280,CSPAN
2281,BBCNEWS
2282,CSPAN
2283,BBCNEWS
2284,CSPAN
2285,BBCNEWS
2286,CSPAN
2287,BBCNEWS
2288,CSPAN
2289,BBCNEWS
2290,CSPAN
2291,BBCNEWS
2292,CSPAN
2293,BBCNEWS
2294,CSPAN
2295,BBCNEWS
2296,CSPAN
2297,BBCNEWS
2298,CSPAN
2299,BBCNEWS
2300,CSPAN
2301,BBCNEWS
2302,CSPAN
2303,BBCNEWS
2304,CSPAN
2305,BBCNEWS
2306,CSPAN
2307,BBCNEWS
2308,CSPAN
2309,BBCNEWS
2310,CSPAN
2311,BBCNEWS
2312,CSPAN
2313,BBCNEWS
2314,CSPAN
2315,BBCNEWS
2316,CSPAN
2317,BBCNEWS
2318,CSPAN
2319,BBCNEWS
2320,CSPAN
2321,BBCNEWS
2322,CSPAN
2323,BBCNEWS
2324,CSPAN
2325,BBCNEWS
2326,CSPAN
2327,BBCNEWS
2328,CSPAN
2329,BBCNEWS
2330,CSPAN
2331,BBCNEWS
2332,CSPAN
2333,BBCNEWS
2334,CSPAN
2335,BBCNEWS
2336,CSPAN
2337,BBCNEWS
2338,CSPAN
2339,BBCNEWS
2340,CSPAN
2341,BBCNEWS
2342,CSPAN
2343,BBCNEWS
2344,CSPAN
2345,BBCNEWS
2346,CSPAN
2347,BBCNEWS
2348,CSPAN
2349,BBCNEWS
2350,CSPAN
2351,BBCNEWS
2352,CSPAN
2353,BBCNEWS
2354,CSPAN
2355,BBCNEWS
2356,CSPAN
2357,BBCNEWS
2358,CSPAN
2359,BBCNEWS
2360,CSPAN
2361,BBCNEWS
2362,CSPAN
2363,BBCNEWS
2364,CSPAN
2365,BBCNEWS
2366,CSPAN
2367,BBCNEWS
2368,CSPAN
2369,BBCNEWS
2370,CSPAN
2371,BBCNEWS
2372,CSPAN
2373,BBCNEWS
2374,CSPAN
2375,BBCNEWS
2376,CSPAN
2377,BBCNEWS
2378,CSPAN
2379,BBCNEWS
2380,CSPAN
2381,BBCNEWS
2382,CSPAN
2383,BBCNEWS
2384,CSPAN
2385,BBCNEWS
2386,CSPAN
2387,BBCNEWS
2388,CSPAN
2389,BBCNEWS
2390,CSPAN
2391,BBCNEWS
2392,CSPAN
2393,BBCNEWS
2394,CSPAN
2395,BBCNEWS
2396,CSPAN
2397,BBCNEWS
2398,CSPAN
2399,BBCNEWS
2400,CSPAN
2401,BBCNEWS
2402,CSPAN
2403,BBCNEWS
2404,CSPAN
2405,BBCNEWS
2406,CSPAN
2407,BBCNEWS
2408,CSPAN
2409,BBCNEWS
2410,CSPAN
2411,BBCNEWS
2412,CSPAN
2413,BBCNEWS
2414,CSPAN
2415,BBCNEWS
2416,CSPAN
2417,BBCNEWS
2418,CSPAN
2419,BBCNEWS
2420,CSPAN
2421,BBCNEWS
2422,CSPAN
2423,BBCNEWS
2424,CSPAN
2425,BBCNEWS
2426,CSPAN
2427,BBCNEWS
2428,CSPAN
2429,BBCNEWS
2430,CSPAN
2431,BBCNEWS
2432,CSPAN
2433,BBCNEWS
2434,CSPAN
2435,BBCNEWS
2436,CSPAN
2437,BBCNEWS
2438,CSPAN
2439,BBCNEWS
2440,CSPAN
2441,BBCNEWS
2442,CSPAN
2443,BBCNEWS
2444,CSPAN
2445,BBCNEWS
2446,CSPAN
2447,BBCNEWS
2448,CSPAN
2449,BBCNEWS
2450,CSPAN
2451,BBCNEWS
2452,CSPAN
2453,BBCNEWS
2454,CSPAN
2455,BBCNEWS
2456,CSPAN
2457,BBCNEWS
2458,CSPAN
2459,BBCNEWS
2460,CSPAN
2461,BBCNEWS
2462,CSPAN
2463,BBCNEWS
2464,CSPAN
2465,BBCNEWS
2466,CSPAN
2467,BBCNEWS
2468,CSPAN
2469,BBCNEWS
2470,CSPAN
2471,BBCNEWS
2472,CSPAN
2473,BBCNEWS
2474,CSPAN
2475,BBCNEWS
2476,CSPAN
2477,BBCNEWS
2478,CSPAN
2479,BBCNEWS
2480,CSPAN
2481,BBCNEWS
2482,CSPAN
2483,BBCNEWS
2484,CSPAN
2485,BBCNEWS
2486,CSPAN
2487,BBCNEWS
2488,CSPAN
2489,BBCNEWS
2490,CSPAN
2491,BBCNEWS
2492,CSPAN
2493,BBCNEWS
2494,CSPAN
2495,BBCNEWS
2496,CSPAN
2497,BBCNEWS
2498,CSPAN
2499,BBCNEWS
2500,CSPAN
2501,BBCNEWS
2502,CSPAN
2503,BBCNEWS
2504,CSPAN
2505,BBCNEWS
2506,CSPAN
2507,BBCNEWS
2508,CSPAN
2509,BBCNEWS
2510,CSPAN
2511,BBCNEWS
2512,CSPAN
2513,BBCNEWS
2514,CSPAN
2515,BBCNEWS
2516,CSPAN
2517,BBCNEWS
2518,CSPAN
2519,BBCNEWS
2520,CSPAN
2521,BBCNEWS
2522,CSPAN
2523,BBCNEWS
2524,CSPAN
2525,BBCNEWS
2526,CSPAN
2527,BBCNEWS
2528,CSPAN
2529,BBCNEWS
2530,CSPAN
2531,BBCNEWS
2532,CSPAN
2533,BBCNEWS
2534,CSPAN
2535,BBCNEWS
2536,CSPAN
2537,BBCNEWS
2538,CSPAN
2539,BBCNEWS
2540,CSPAN
2541,BBCNEWS
2542,CSPAN
2543,BBCNEWS
2544,CSPAN
2545,BBCNEWS
2546,CSPAN
2547,BBCNEWS
2548,CSPAN
2549,BBCNEWS
2550,CSPAN
2551,BBCNEWS
2552,CSPAN
2553,BBCNEWS
2554,CSPAN
2555,BBCNEWS
2556,CSPAN
2557,BBCNEWS
2558,CSPAN
2559,BBCNEWS
2560,CSPAN
2561,BBCNEWS
2562,CSPAN
2563,BBCNEWS
2564,CSPAN
2565,BBCNEWS
2566,CSPAN
2567,BBCNEWS
2568,CSPAN
2569,BBCNEWS
2570,CSPAN
2571,BBCNEWS
2572,CSPAN
2573,BBCNEWS
2574,CSPAN
2575,BBCNEWS
2576,CSPAN
2577,BBCNEWS
2578,CSPAN
2579,BBCNEWS
2580,CSPAN
2581,BBCNEWS
2582,CSPAN
2583,BBCNEWS
2584,CSPAN
2585,BBCNEWS
2586,CSPAN
2587,BBCNEWS
2588,CSPAN
2589,BBCNEWS
2590,CSPAN
2591,BBCNEWS
2592,CSPAN
2593,BBCNEWS
2594,CSPAN
2595,BBCNEWS
2596,CSPAN
2597,BBCNEWS
2598,CSPAN
2599,BBCNEWS
2600,CSPAN
2601,BBCNEWS
2602,CSPAN
2603,BBCNEWS
2604,CSPAN
2605,BBCNEWS
2606,CSPAN
2607,BBCNEWS
2608,CSPAN
2609,BBCNEWS
2610,CSPAN
2611,BBCNEWS
2612,CSPAN
2613,BBCNEWS
2614,CSPAN
2615,BBCNEWS
2616,CSPAN
2617,BBCNEWS
2618,CSPAN
2619,BBCNEWS
2620,CSPAN
2621,BBCNEWS
2622,CSPAN
2623,BBCNEWS
2624,CSPAN
2625,BBCNEWS
2626,CSPAN
2627,BBCNEWS
2628,CSPAN
2629,BBCNEWS
2630,CSPAN
2631,BBCNEWS
2632,CSPAN
2633,BBCNEWS
2634,CSPAN
2635,BBCNEWS
2636,CSPAN
2637,BBCNEWS
2638,CSPAN
2639,BBCNEWS
2640,CSPAN
2641,BBCNEWS
2642,CSPAN
2643,BBCNEWS
2644,CSPAN
2645,BBCNEWS
2646,CSPAN
2647,BBCNEWS
2648,CSPAN
2649,BBCNEWS
2650,CSPAN
2651,BBCNEWS
2652,CSPAN
2653,BBCNEWS
2654,CSPAN
2655,BBCNEWS
2656,CSPAN
2657,BBCNEWS
2658,CSPAN
2659,BBCNEWS
2660,CSPAN
2661,BBCNEWS
2662,CSPAN
2663,BBCNEWS
2664,CSPAN
2665,BBCNEWS
2666,CSPAN
2667,BBCNEWS
2668,CSPAN
2669,BBCNEWS
2670,CSPAN
2671,BBCNEWS
2672,CSPAN
2673,BBCNEWS
2674,CSPAN
2675,BBCNEWS
2676,CSPAN
2677,BBCNEWS
2678,CSPAN
2679,BBCNEWS
2680,CSPAN
2681,BBCNEWS
2682,CSPAN
2683,BBCNEWS
2684,CSPAN
2685,BBCNEWS
2686,CSPAN
2687,BBCNEWS
2688,CSPAN
2689,BBCNEWS
2690,CSPAN
2691,BBCNEWS
2692,CSPAN
2693,BBCNEWS
2694,CSPAN
2695,BBCNEWS
2696,CSPAN
2697,BBCNEWS
2698,CSPAN
2699,BBCNEWS
2700,CSPAN
2701,BBCNEWS
2702,CSPAN
2703,BBCNEWS
2704,CSPAN
2705,BBCNEWS
2706,CSPAN
2707,BBCNEWS
2708,CSPAN
2709,BBCNEWS
2710,CSPAN
2711,BBCNEWS
2712,CSPAN
2713,BBCNEWS
2714,CSPAN
2715,BBCNEWS
2716,CSPAN
2717,BBCNEWS
2718,CSPAN
2719,BBCNEWS
2720,CSPAN
2721,BBCNEWS
2722,CSPAN
2723,BBCNEWS
2724,CSPAN
2725,BBCNEWS
2726,CSPAN
2727,BBCNEWS
2728,CSPAN
2729,BBCNEWS
2730,CSPAN
2731,BBCNEWS
2732,CSPAN
2733,BBCNEWS
2734,CSPAN
2735,BBCNEWS
2736,CSPAN
2737,BBCNEWS
2738,CSPAN
2739,BBCNEWS
2740,CSPAN
2741,BBCNEWS
2742,CSPAN
2743,BBCNEWS
2744,CSPAN
2745,BBCNEWS
2746,CSPAN
2747,BBCNEWS
2748,CSPAN
2749,BBCNEWS
2750,CSPAN
2751,BBCNEWS
2752,CSPAN
2753,BBCNEWS
2754,CSPAN
2755,BBCNEWS
2756,CSPAN
2757,BBCNEWS
2758,CSPAN
2759,BBCNEWS
2760,CSPAN
2761,BBCNEWS
2762,CSPAN
2763,BBCNEWS
2764,CSPAN
2765,BBCNEWS
2766,CSPAN
2767,BBCNEWS
2768,CSPAN
2769,BBCNEWS
2770,CSPAN
2771,BBCNEWS
2772,CSPAN
2773,BBCNEWS
2774,CSPAN
2775,BBCNEWS
2776,CSPAN
2777,BBCNEWS
2778,CSPAN
2779,BBCNEWS
2780,CSPAN
2781,BBCNEWS
2782,CSPAN
2783,BBCNEWS
2784,CSPAN
2785,BBCNEWS
2786,CSPAN
2787,BBCNEWS
2788,CSPAN
2789,BBCNEWS
2790,CSPAN
2791,BBCNEWS
2792,CSPAN
2793,BBCNEWS
2794,CSPAN
2795,BBCNEWS
2796,CSPAN
2797,BBCNEWS
2798,CSPAN
2799,BBCNEWS
2800,CSPAN
2801,BBCNEWS
2802,CSPAN
2803,BBCNEWS
2804,CSPAN
2805,BBCNEWS
2806,CSPAN
2807,BBCNEWS
2808,CSPAN
2809,BBCNEWS
2810,CSPAN
2811,BBCNEWS
2812,CSPAN
2813,BBCNEWS
2814,CSPAN
2815,BBCNEWS
2816,CSPAN
2817,BBCNEWS
2818,CSPAN
2819,BBCNEWS
2820,CSPAN
2821,BBCNEWS
2822,CSPAN
2823,BBCNEWS
2824,CSPAN
2825,BBCNEWS
2826,CSPAN
2827,BBCNEWS
2828,CSPAN
2829,BBCNEWS
2830,CSPAN
2831,BBCNEWS
2832,CSPAN
2833,BBCNEWS
2834,CSPAN
2835,BBCNEWS
2836,CSPAN
2837,BBCNEWS
2838,CSPAN
2839,BBCNEWS
2840,CSPAN
2841,BBCNEWS
2842,CSPAN
2843,BBCNEWS
2844,CSPAN
2845,BBCNEWS
2846,CSPAN
2847,BBCNEWS
2848,CSPAN
2849,BBCNEWS
2850,CSPAN
2851,BBCNEWS
2852,CSPAN
2853,BBCNEWS
2854,CSPAN
2855,BBCNEWS
2856,CSPAN
2857,BBCNEWS
2858,CSPAN
2859,BBCNEWS
2860,CSPAN
2861,BBCNEWS
2862,CSPAN
2863,BBCNEWS
2864,CSPAN
2865,BBCNEWS
2866,CSPAN
2867,BBCNEWS
2868,CSPAN
2869,BBCNEWS
2870,CSPAN
2871,BBCNEWS
2872,CSPAN
2873,BBCNEWS
2874,CSPAN
2875,BBCNEWS
2876,CSPAN
2877,BBCNEWS
2878,CSPAN
2879,BBCNEWS
2880,CSPAN
2881,BBCNEWS
2882,CSPAN
2883,BBCNEWS
2884,CSPAN
2885,BBCNEWS
2886,CSPAN
2887,BBCNEWS
2888,CSPAN
2889,BBCNEWS
2890,CSPAN
2891,BBCNEWS
2892,CSPAN
2893,BBCNEWS
2894,CSPAN
2895,BBCNEWS
2896,CSPAN
2897,BBCNEWS
2898,CSPAN
2899,BBCNEWS
2900,CSPAN
2901,BBCNEWS
2902,CSPAN
2903,BBCNEWS
2904,CSPAN
2905,BBCNEWS
2906,CSPAN
2907,BBCNEWS
2908,CSPAN
2909,BBCNEWS
2910,CSPAN
2911,BBCNEWS
2912,CSPAN
2913,BBCNEWS
2914,CSPAN
2915,BBCNEWS
2916,CSPAN
2917,BBCNEWS
2918,CSPAN
2919,BBCNEWS
2920,CSPAN
2921,BBCNEWS
2922,CSPAN
2923,BBCNEWS
2924,CSPAN
2925,BBCNEWS
2926,CSPAN
2927,BBCNEWS
2928,CSPAN
2929,BBCNEWS
2930,CSPAN
2931,BBCNEWS
2932,CSPAN
2933,BBCNEWS
2934,CSPAN
2935,BBCNEWS
2936,CSPAN
2937,BBCNEWS
2938,CSPAN
2939,BBCNEWS
2940,CSPAN
2941,BBCNEWS
2942,CSPAN
2943,BBCNEWS
2944,CSPAN
2945,BBCNEWS
2946,CSPAN
2947,BBCNEWS
2948,CSPAN
2949,BBCNEWS
2950,CSPAN
2951,BBCNEWS
2952,CSPAN
2953,BBCNEWS
2954,CSPAN
2955,BBCNEWS
2956,CSPAN
2957,BBCNEWS
2958,CSPAN
2959,BBCNEWS
2960,CSPAN
2961,BBCNEWS
2962,CSPAN
2963,BBCNEWS
2964,CSPAN
2965,BBCNEWS
2966,CSPAN
2967,BBCNEWS
2968,CSPAN
2969,BBCNEWS
2970,CSPAN
2971,BBCNEWS
2972,CSPAN
2973,BBCNEWS
2974,CSPAN
2975,BBCNEWS
2976,CSPAN
2977,BBCNEWS
2978,CSPAN
2979,BBCNEWS
2980,CSPAN
2981,BBCNEWS
2982,CSPAN
2983,BBCNEWS
2984,CSPAN
2985,BBCNEWS
2986,CSPAN
2987,BBCNEWS
2988,CSPAN
2989,BBCNEWS
2990,CSPAN
2991,BBCNEWS
2992,CSPAN
2993,BBCNEWS
2994,CSPAN
2995,BBCNEWS
2996,CSPAN
2997,BBCNEWS
2998,CSPAN
2999,BBCNEWS
3000,CSPAN
3001,BBCNEWS
3002,CSPAN
3003,BBCNEWS
3004,CSPAN
3005,BBCNEWS
3006,CSPAN
3007,BBCNEWS
3008,CSPAN
3009,BBCNEWS
3010,CSPAN
3011,BBCNEWS
3012,CSPAN
3013,BBCNEWS
3014,CSPAN
3015,BBCNEWS
3016,CSPAN
3017,BBCNEWS
3018,CSPAN
3019,BBCNEWS
3020,CSPAN
3021,BBCNEWS
3022,CSPAN
3023,BBCNEWS
3024,CSPAN
3025,BBCNEWS
3026,CSPAN
3027,BBCNEWS
3028,CSPAN
3029,BBCNEWS
3030,CSPAN
3031,BBCNEWS
3032,CSPAN
3033,BBCNEWS
3034,CSPAN
3035,BBCNEWS
3036,CSPAN
3037,BBCNEWS
3038,CSPAN
3039,BBCNEWS
3040,CSPAN
3041,BBCNEWS
3042,CSPAN
3043,BBCNEWS
3044,CSPAN
3045,BBCNEWS
3046,CSPAN
3047,BBCNEWS
3048,CSPAN
3049,BBCNEWS
3050,CSPAN
3051,BBCNEWS
3052,CSPAN
3053,BBCNEWS
3054,CSPAN
3055,BBCNEWS
3056,CSPAN
3057,BBCNEWS
3058,CSPAN
3059,BBCNEWS
3060,CSPAN
3061,BBCNEWS
3062,CSPAN
3063,BBCNEWS
3064,CSPAN
3065,BBCNEWS
3066,CSPAN
3067,BBCNEWS
3068,CSPAN
3069,BBCNEWS
3070,CSPAN
3071,BBCNEWS
3072,CSPAN
3073,BBCNEWS
3074,CSPAN
3075,BBCNEWS
3076,CSPAN
3077,BBCNEWS
3078,CSPAN
3079,BBCNEWS
3080,CSPAN
3081,BBCNEWS
3082,CSPAN
3083,BBCNEWS
3084,CSPAN
3085,BBCNEWS
3086,CSPAN
3087,BBCNEWS
3088,CSPAN
3089,BBCNEWS
3090,CSPAN
3091,BBCNEWS
3092,CSPAN
3093,BBCNEWS
3094,CSPAN
3095,BBCNEWS
3096,CSPAN
3097,BBCNEWS
3098,CSPAN
3099,BBCNEWS
3100,CSPAN
3101,BBCNEWS
3102,CSPAN
3103,BBCNEWS
3104,CSPAN
3105,BBCNEWS
3106,CSPAN
3107,BBCNEWS
3108,CSPAN
3109,BBCNEWS
3110,CSPAN
3111,BBCNEWS
3112,CSPAN
3113,BBCNEWS
3114,CSPAN
3115,BBCNEWS
3116,CSPAN
3117,BBCNEWS
3118,CSPAN
3119,BBCNEWS
3120,CSPAN
3121,BBCNEWS
3122,CSPAN
3123,BBCNEWS
3124,CSPAN
3125,BBCNEWS
3126,CSPAN
3127,BBCNEWS
3128,CSPAN
3129,BBCNEWS
3130,CSPAN
3131,BBCNEWS
3132,CSPAN
3133,BBCNEWS
3134,CSPAN
3135,BBCNEWS
3136,CSPAN
3137,BBCNEWS
3138,CSPAN
3139,BBCNEWS
3140,CSPAN
3141,BBCNEWS
3142,CSPAN
3143,BBCNEWS
3144,CSPAN
3145,BBCNEWS
3146,CSPAN
3147,BBCNEWS
3148,CSPAN
3149,BBCNEWS
3150,CSPAN
3151,BBCNEWS
3152,CSPAN
3153,BBCNEWS
3154,CSPAN
3155,BBCNEWS
3156,CSPAN
3157,BBCNEWS
3158,CSPAN
3159,BBCNEWS
3160,CSPAN
3161,BBCNEWS
3162,CSPAN
3163,BBCNEWS
3164,CSPAN
3165,BBCNEWS
3166,CSPAN
3167,BBCNEWS
3168,CSPAN
3169,BBCNEWS
3170,CSPAN
3171,BBCNEWS
3172,CSPAN
3173,BBCNEWS
3174,CSPAN
3175,BBCNEWS
3176,CSPAN
3177,BBCNEWS
3178,CSPAN
3179,BBCNEWS
3180,CSPAN
3181,BBCNEWS
3182,CSPAN
3183,BBCNEWS
3184,CSPAN
3185,BBCNEWS
3186,CSPAN
3187,BBCNEWS
3188,CSPAN
3189,BBCNEWS
3190,CSPAN
3191,BBCNEWS
3192,CSPAN
3193,BBCNEWS
3194,CSPAN
3195,BBCNEWS
3196,CSPAN
3197,BBCNEWS
3198,CSPAN
3199,BBCNEWS
3200,CSPAN
3201,BBCNEWS
3202,CSPAN
3203,BBCNEWS
3204,CSPAN
3205,BBCNEWS
3206,CSPAN
3207,BBCNEWS
3208,CSPAN
3209,BBCNEWS
3210,CSPAN
3211,BBCNEWS
3212,CSPAN
3213,BBCNEWS
3214,CSPAN
3215,BBCNEWS
3216,CSPAN
3217,BBCNEWS
3218,CSPAN
3219,BBCNEWS
3220,CSPAN
3221,BBCNEWS
3222,CSPAN
3223,BBCNEWS
3224,CSPAN
3225,BBCNEWS
3226,CSPAN
3227,BBCNEWS
3228,CSPAN
3229,BBCNEWS
3230,CSPAN
3231,BBCNEWS
3232,CSPAN
3233,BBCNEWS
3234,CSPAN
3235,BBCNEWS
3236,CSPAN
3237,BBCNEWS
3238,CSPAN
3239,BBCNEWS
3240,CSPAN
3241,BBCNEWS
3242,CSPAN
3243,BBCNEWS
3244,CSPAN
3245,BBCNEWS
3246,CSPAN
3247,BBCNEWS
3248,CSPAN
3249,BBCNEWS
3250,CSPAN
3251,BBCNEWS
3252,CSPAN
3253,BBCNEWS
3254,CSPAN
3255,BBCNEWS
3256,CSPAN
3257,BBCNEWS
3258,CSPAN
3259,BBCNEWS
3260,CSPAN
3261,BBCNEWS
3262,CSPAN
3263,BBCNEWS
3264,CSPAN
3265,BBCNEWS
3266,CSPAN
3267,BBCNEWS
3268,CSPAN
3269,BBCNEWS
3270,CSPAN
3271,BBCNEWS
3272,CSPAN
3273,BBCNEWS
3274,CSPAN
3275,BBCNEWS
3276,CSPAN
3277,BBCNEWS
3278,CSPAN
3279,BBCNEWS
3280,CSPAN
3281,BBCNEWS
3282,CSPAN
3283,BBCNEWS
3284,CSPAN
3285,BBCNEWS
3286,CSPAN
3287,BBCNEWS
3288,CSPAN
3289,BBCNEWS
3290,CSPAN
3291,BBCNEWS
3292,CSPAN
3293,BBCNEWS
3294,CSPAN
3295,BBCNEWS
3296,CSPAN
3297,BBCNEWS
3298,CSPAN
3299,BBCNEWS
3300,CSPAN
3301,BBCNEWS
3302,CSPAN
3303,BBCNEWS
3304,CSPAN
3305,BBCNEWS
3306,CSPAN
3307,BBCNEWS
3308,CSPAN
3309,BBCNEWS
3310,CSPAN
3311,BBCNEWS
3312,CSPAN
3313,BBCNEWS
3314,CSPAN
3315,BBCNEWS
3316,CSPAN
3317,BBCNEWS
3318,CSPAN
3319,BBCNEWS
3320,CSPAN
3321,BBCNEWS
3322,CSPAN
3323,BBCNEWS
3324,CSPAN
3325,BBCNEWS
3326,CSPAN
3327,BBCNEWS
3328,CSPAN
3329,BBCNEWS
3330,CSPAN
3331,BBCNEWS
3332,CSPAN
3333,BBCNEWS
3334,CSPAN
3335,BBCNEWS
3336,CSPAN
3337,BBCNEWS
3338,CSPAN
3339,BBCNEWS
3340,CSPAN
3341,BBCNEWS
3342,CSPAN
3343,BBCNEWS
3344,CSPAN
3345,BBCNEWS
3346,CSPAN
3347,BBCNEWS
3348,CSPAN
3349,BBCNEWS
3350,CSPAN
3351,BBCNEWS
3352,CSPAN
3353,BBCNEWS
3354,CSPAN
3355,BBCNEWS
3356,CSPAN
3357,BBCNEWS
3358,CSPAN
3359,BBCNEWS
3360,CSPAN
3361,BBCNEWS
3362,CSPAN
3363,BBCNEWS
3364,CSPAN
3365,BBCNEWS
3366,CSPAN
3367,BBCNEWS
3368,CSPAN
3369,BBCNEWS
3370,CSPAN
3371,BBCNEWS
3372,CSPAN
3373,BBCNEWS
3374,CSPAN
3375,BBCNEWS
3376,CSPAN
3377,BBCNEWS
3378,CSPAN
3379,BBCNEWS
3380,CSPAN
3381,BBCNEWS
3382,CSPAN
3383,BBCNEWS
3384,CSPAN
3385,BBCNEWS
3386,CSPAN
3387,BBCNEWS
3388,CSPAN
3389,BBCNEWS
3390,CSPAN
3391,BBCNEWS
3392,CSPAN
3393,BBCNEWS
3394,CSPAN
3395,BBCNEWS
3396,CSPAN
3397,BBCNEWS
3398,CSPAN
3399,BBCNEWS
3400,CSPAN
3401,BBCNEWS
3402,CSPAN
3403,BBCNEWS
3404,CSPAN
3405,BBCNEWS
3406,CSPAN
3407,BBCNEWS
3408,CSPAN
3409,BBCNEWS
3410,CSPAN
3411,BBCNEWS
3412,CSPAN
3413,BBCNEWS
3414,CSPAN
3415,BBCNEWS
3416,CSPAN
3417,BBCNEWS
3418,CSPAN
3419,BBCNEWS
3420,CSPAN
3421,BBCNEWS
3422,CSPAN
3423,BBCNEWS
3424,CSPAN
3425,BBCNEWS
3426,CSPAN
3427,BBCNEWS
3428,CSPAN
3429,BBCNEWS
3430,CSPAN
3431,BBCNEWS
3432,CSPAN
3433,BBCNEWS
3434,CSPAN
3435,BBCNEWS
3436,CSPAN
3437,BBCNEWS
3438,CSPAN
3439,BBCNEWS
3440,CSPAN
3441,BBCNEWS
3442,CSPAN
3443,BBCNEWS
3444,CSPAN
3445,BBCNEWS
3446,CSPAN
3447,BBCNEWS
3448,CSPAN
3449,BBCNEWS
3450,CSPAN
3451,BBCNEWS
3452,CSPAN
3453,BBCNEWS
3454,CSPAN
3455,BBCNEWS
3456,CSPAN
3457,BBCNEWS
3458,CSPAN
3459,BBCNEWS
3460,CSPAN
3461,BBCNEWS
3462,CSPAN
3463,BBCNEWS
3464,CSPAN
3465,BBCNEWS
3466,CSPAN
3467,BBCNEWS
3468,CSPAN
3469,BBCNEWS
3470,CSPAN
3471,BBCNEWS
3472,CSPAN
3473,BBCNEWS
3474,CSPAN
3475,BBCNEWS
3476,CSPAN
3477,BBCNEWS
3478,CSPAN
3479,BBCNEWS
3480,CSPAN
3481,BBCNEWS
3482,CSPAN
3483,BBCNEWS
3484,CSPAN
3485,BBCNEWS
3486,CSPAN
3487,BBCNEWS
3488,CSPAN
3489,BBCNEWS
3490,CSPAN
3491,BBCNEWS
3492,CSPAN
3493,BBCNEWS
3494,CSPAN
3495,BBCNEWS
3496,CSPAN
3497,BBCNEWS
3498,CSPAN
3499,BBCNEWS
3500,CSPAN
3501,BBCNEWS
3502,CSPAN
3503,BBCNEWS
3504,CSPAN
3505,BBCNEWS
3506,CSPAN
3507,BBCNEWS
3508,CSPAN
3509,BBCNEWS
3510,CSPAN
3511,BBCNEWS
3512,CSPAN
3513,BBCNEWS
3514,CSPAN
3515,BBCNEWS
3516,CSPAN
3517,BBCNEWS
3518,CSPAN
3519,BBCNEWS
3520,CSPAN
3521,BBCNEWS
3522,CSPAN
3523,BBCNEWS
3524,CSPAN
3525,BBCNEWS
3526,CSPAN
3527,BBCNEWS
3528,CSPAN
3529,BBCNEWS
3530,CSPAN
3531,BBCNEWS
3532,CSPAN
3533,BBCNEWS
3534,CSPAN
3535,BBCNEWS
3536,CSPAN
3537,BBCNEWS
3538,CSPAN
3539,BBCNEWS
3540,CSPAN
3541,BBCNEWS
3542,CSPAN
3543,BBCNEWS
3544,CSPAN
3545,BBCNEWS
3546,CSPAN
3547,BBCNEWS
3548,CSPAN
3549,BBCNEWS
3550,CSPAN
3551,BBCNEWS
3552,CSPAN
3553,BBCNEWS
3554,CSPAN
3555,BBCNEWS
3556,CSPAN
3557,BBCNEWS
3558,CSPAN
3559,BBCNEWS
3560,CSPAN
3561,BBCNEWS
3562,CSPAN
3563,BBCNEWS
3564,CSPAN
3565,BBCNEWS
3566,CSPAN
3567,BBCNEWS
3568,CSPAN
3569,BBCNEWS
3570,CSPAN
3571,BBCNEWS
3572,CSPAN
3573,BBCNEWS
3574,CSPAN
3575,BBCNEWS
3576,CSPAN
3577,BBCNEWS
3578,CSPAN
3579,BBCNEWS
3580,CSPAN
3581,BBCNEWS
3582,CSPAN
3583,BBCNEWS
3584,CSPAN
3585,BBCNEWS
3586,CSPAN
3587,BBCNEWS
3588,CSPAN
3589,BBCNEWS
3590,CSPAN
3591,BBCNEWS
3592,CSPAN
3593,BBCNEWS
3594,CSPAN
3595,BBCNEWS
3596,CSPAN
3597,BBCNEWS
3598,CSPAN
3599,BBCNEWS
3600,CSPAN
3601,BBCNEWS
3602,CSPAN
3603,BBCNEWS
3604,CSPAN
3605,BBCNEWS
3606,CSPAN
3607,BBCNEWS
3608,CSPAN
3609,BBCNEWS
3610,CSPAN
3611,BBCNEWS
3612,CSPAN
3613,BBCNEWS
3614,CSPAN
3615,BBCNEWS
3616,CSPAN
3617,BBCNEWS
3618,CSPAN
3619,BBCNEWS
3620,CSPAN
3621,BBCNEWS
3622,CSPAN
3623,BBCNEWS
3624,CSPAN
3625,BBCNEWS
3626,CSPAN
3627,BBCNEWS
3628,CSPAN
3629,BBCNEWS
3630,CSPAN
3631,BBCNEWS
3632,CSPAN
3633,BBCNEWS
3634,CSPAN
3635,BBCNEWS
3636,CSPAN
3637,BBCNEWS
3638,CSPAN
3639,BBCNEWS
3640,CSPAN
3641,BBCNEWS
3642,CSPAN
3643,BBCNEWS
3644,CSPAN
3645,BBCNEWS
3646,CSPAN
3647,BBCNEWS
3648,CSPAN
3649,BBCNEWS
3650,CSPAN
3651,BBCNEWS
3652,CSPAN
3653,BBCNEWS
3654,CSPAN
3655,BBCNEWS
3656,CSPAN
3657,BBCNEWS
3658,CSPAN
3659,BBCNEWS
3660,CSPAN
3661,BBCNEWS
3662,CSPAN
3663,BBCNEWS
3664,CSPAN
3665,BBCNEWS
3666,CSPAN
3667,BBCNEWS
3668,CSPAN
3669,BBCNEWS
3670,CSPAN
3671,BBCNEWS
3672,CSPAN
3673,BBCNEWS
3674,CSPAN
3675,BBCNEWS
3676,CSPAN
3677,BBCNEWS
3678,CSPAN
3679,BBCNEWS
3680,CSPAN
3681,BBCNEWS
3682,CSPAN
3683,BBCNEWS
3684,CSPAN
3685,BBCNEWS
3686,CSPAN
3687,BBCNEWS
3688,CSPAN
3689,BBCNEWS
3690,CSPAN
3691,BBCNEWS
3692,CSPAN
3693,BBCNEWS
3694,CSPAN
3695,BBCNEWS
3696,CSPAN
3697,BBCNEWS
3698,CSPAN
3699,BBCNEWS
3700,CSPAN
3701,BBCNEWS
3702,CSPAN
3703,BBCNEWS
3704,CSPAN
3705,BBCNEWS
3706,CSPAN
3707,BBCNEWS
3708,CSPAN
3709,BBCNEWS
3710,CSPAN
3711,BBCNEWS
3712,CSPAN
3713,BBCNEWS
3714,CSPAN
3715,BBCNEWS
3716,CSPAN
3717,BBCNEWS
3718,CSPAN
3719,BBCNEWS
3720,CSPAN
3721,BBCNEWS
3722,CSPAN
3723,BBCNEWS
3724,CSPAN
3725,BBCNEWS
3726,CSPAN
3727,BBCNEWS
3728,CSPAN
3729,BBCNEWS
3730,CSPAN
3731,BBCNEWS
3732,CSPAN
3733,BBCNEWS
3734,CSPAN
3735,BBCNEWS
3736,CSPAN
3737,BBCNEWS
3738,CSPAN
3739,BBCNEWS
3740,CSPAN
3741,BBCNEWS
3742,CSPAN
3743,BBCNEWS
3744,CSPAN
3745,BBCNEWS
3746,CSPAN
3747,BBCNEWS
3748,CSPAN
3749,BBCNEWS
3750,CSPAN
3751,BBCNEWS
3752,CSPAN
3753,BBCNEWS
3754,CSPAN
3755,BBCNEWS
3756,CSPAN
3757,BBCNEWS
3758,CSPAN
3759,BBCNEWS
3760,CSPAN
3761,BBCNEWS
3762,CSPAN
3763,BBCNEWS
3764,CSPAN
3765,BBCNEWS
3766,CSPAN
3767,BBCNEWS
3768,CSPAN
3769,BBCNEWS
3770,CSPAN
3771,BBCNEWS
3772,CSPAN
3773,BBCNEWS
3774,CSPAN
3775,BBCNEWS
3776,CSPAN
3777,BBCNEWS
3778,CSPAN
3779,BBCNEWS
3780,CSPAN
3781,BBCNEWS
3782,CSPAN
3783,BBCNEWS
3784,CSPAN
3785,BBCNEWS
3786,CSPAN
3787,BBCNEWS
3788,CSPAN
3789,BBCNEWS
3790,CSPAN
3791,BBCNEWS
3792,CSPAN
3793,BBCNEWS
3794,CSPAN
3795,BBCNEWS
3796,CSPAN
3797,BBCNEWS
3798,CSPAN
3799,BBCNEWS
3800,CSPAN
3801,BBCNEWS
3802,CSPAN
3803,BBCNEWS
3804,CSPAN
3805,BBCNEWS
3806,CSPAN
3807,BBCNEWS
3808,CSPAN
3809,BBCNEWS
3810,CSPAN
3811,BBCNEWS
3812,CSPAN
3813,BBCNEWS
3814,CSPAN
3815,BBCNEWS
3816,CSPAN
3817,BBCNEWS
3818,CSPAN
3819,BBCNEWS
3820,CSPAN
3821,BBCNEWS
3822,CSPAN
3823,BBCNEWS
3824,CSPAN
3825,BBCNEWS
3826,CSPAN
3827,BBCNEWS
3828,CSPAN
3829,BBCNEWS
3830,CSPAN
3831,BBCNEWS
3832,CSPAN
3833,BBCNEWS
3834,CSPAN
3835,BBCNEWS
3836,CSPAN
3837,BBCNEWS
3838,CSPAN
3839,BBCNEWS
3840,CSPAN
3841,BBCNEWS
3842,CSPAN
3843,BBCNEWS
3844,CSPAN
3845,BBCNEWS
3846,CSPAN
3847,BBCNEWS
3848,CSPAN
3849,BBCNEWS
3850,CSPAN
3851,BBCNEWS
3852,CSPAN
3853,BBCNEWS
3854,CSPAN
3855,BBCNEWS
3856,CSPAN
3857,BBCNEWS
3858,CSPAN
3859,BBCNEWS
3860,CSPAN
3861,BBCNEWS
3862,CSPAN
3863,BBCNEWS
3864,CSPAN
3865,BBCNEWS
3866,CSPAN
3867,BBCNEWS
3868,CSPAN
3869,BBCNEWS
3870,CSPAN
3871,BBCNEWS
3872,CSPAN
3873,BBCNEWS
3874,CSPAN
3875,BBCNEWS
3876,CSPAN
3877,BBCNEWS
3878,CSPAN
3879,BBCNEWS
3880,CSPAN
3881,BBCNEWS
3882,CSPAN
3883,BBCNEWS
3884,CSPAN
3885,BBCNEWS
3886,CSPAN
3887,BBCNEWS
3888,CSPAN
3889,BBCNEWS
3890,CSPAN
3891,BBCNEWS
3892,CSPAN
3893,BBCNEWS
3894,CSPAN
3895,BBCNEWS
3896,CSPAN
3897,BBCNEWS
3898,CSPAN
3899,BBCNEWS
3900,CSPAN
3901,BBCNEWS
3902,CSPAN
3903,BBCNEWS
3904,CSPAN
3905,BBCNEWS
3906,CSPAN
3907,BBCNEWS
3908,CSPAN
3909,BBCNEWS
3910,CSPAN
3911,BBCNEWS
3912,CSPAN
3913,BBCNEWS
3914,CSPAN
3915,BBCNEWS
3916,CSPAN
3917,BBCNEWS
3918,CSPAN
3919,BBCNEWS
3920,CSPAN
3921,BBCNEWS
3922,CSPAN
3923,BBCNEWS
3924,CSPAN
3925,BBCNEWS
3926,CSPAN
3927,BBCNEWS
3928,CSPAN
3929,BBCNEWS
3930,CSPAN
3931,BBCNEWS
3932,CSPAN
3933,BBCNEWS
3934,CSPAN
3935,BBCNEWS
3936,CSPAN
3937,BBCNEWS
3938,CSPAN
3939,BBCNEWS
3940,CSPAN
3941,BBCNEWS
3942,CSPAN
3943,BBCNEWS
3944,CSPAN
3945,BBCNEWS
3946,CSPAN
3947,BBCNEWS
3948,CSPAN
3949,BBCNEWS
3950,CSPAN
3951,BBCNEWS
3952,CSPAN
3953,BBCNEWS
3954,CSPAN
3955,BBCNEWS
3956,CSPAN
3957,BBCNEWS
3958,CSPAN
3959,BBCNEWS
3960,CSPAN
3961,BBCNEWS
3962,CSPAN
3963,BBCNEWS
3964,CSPAN
3965,BBCNEWS
3966,CSPAN
3967,BBCNEWS
3968,CSPAN
3969,BBCNEWS
3970,CSPAN
3971,BBCNEWS
3972,CSPAN
3973,BBCNEWS
3974,CSPAN
3975,BBCNEWS
3976,CSPAN
3977,BBCNEWS
3978,CSPAN
3979,BBCNEWS
3980,CSPAN
3981,BBCNEWS
3982,CSPAN
3983,BBCNEWS
3984,CSPAN
3985,BBCNEWS
3986,CSPAN
3987,BBCNEWS
3988,CSPAN
3989,BBCNEWS
3990,CSPAN
3991,BBCNEWS
3992,CSPAN
3993,BBCNEWS
3994,CSPAN
3995,BBCNEWS
3996,CSPAN
3997,BBCNEWS
3998,CSPAN
3999,BBCNEWS
4000,CSPAN
4001,BBCNEWS
4002,CSPAN
4003,BBCNEWS
4004,CSPAN
4005,BBCNEWS
4006,CSPAN
4007,BBCNEWS
4008,CSPAN
4009,BBCNEWS
4010,CSPAN
4011,BBCNEWS
4012,CSPAN
4013,BBCNEWS
4014,CSPAN
4015,BBCNEWS
4016,CSPAN
4017,BBCNEWS
4018,CSPAN
4019,BBCNEWS
4020,CSPAN
4021,BBCNEWS
4022,CSPAN
4023,BBCNEWS
4024,CSPAN
4025,BBCNEWS
4026,CSPAN
4027,BBCNEWS
4028,CSPAN
4029,BBCNEWS
4030,CSPAN
4031,BBCNEWS
4032,CSPAN
4033,BBCNEWS
4034,CSPAN
4035,BBCNEWS
4036,CSPAN
4037,BBCNEWS
4038,CSPAN
4039,BBCNEWS
4040,CSPAN
4041,BBCNEWS
4042,CSPAN
4043,BBCNEWS
4044,CSPAN
4045,BBCNEWS
4046,CSPAN
4047,BBCNEWS
4048,CSPAN
4049,BBCNEWS
4050,CSPAN
4051,BBCNEWS
4052,CSPAN
4053,BBCNEWS
4054,CSPAN
4055,BBCNEWS
4056,CSPAN
4057,BBCNEWS
4058,CSPAN
4059,BBCNEWS
4060,CSPAN
4061,BBCNEWS
4062,CSPAN
4063,BBCNEWS
4064,CSPAN
4065,BBCNEWS
4066,CSPAN
4067,BBCNEWS
